--
-- PostgreSQL database dump
--

-- Dumped from database version 14.7
-- Dumped by pg_dump version 14.7

-- Started on 2023-06-22 20:08:09

SET statement_timeout = 0;
SET lock_timeout = 0;
SET idle_in_transaction_session_timeout = 0;
SET client_encoding = 'UTF8';
SET standard_conforming_strings = on;
SELECT pg_catalog.set_config('search_path', '', false);
SET check_function_bodies = false;
SET xmloption = content;
SET client_min_messages = warning;
SET row_security = off;

--
-- TOC entry 4186 (class 1262 OID 16384)
-- Name: pizza_db; Type: DATABASE; Schema: -; Owner: baluadmin
--

CREATE DATABASE pizza_db WITH TEMPLATE = template0 ENCODING = 'UTF8' LOCALE = 'en_US.UTF-8';


ALTER DATABASE pizza_db OWNER TO baluadmin;

\connect pizza_db

SET statement_timeout = 0;
SET lock_timeout = 0;
SET idle_in_transaction_session_timeout = 0;
SET client_encoding = 'UTF8';
SET standard_conforming_strings = on;
SELECT pg_catalog.set_config('search_path', '', false);
SET check_function_bodies = false;
SET xmloption = content;
SET client_min_messages = warning;
SET row_security = off;

SET default_tablespace = '';

SET default_table_access_method = heap;

--
-- TOC entry 216 (class 1259 OID 16420)
-- Name: base; Type: TABLE; Schema: public; Owner: baluadmin
--

CREATE TABLE public.base (
    id integer NOT NULL,
    size character varying(100) NOT NULL,
    name character varying(200) NOT NULL,
    price double precision
);


ALTER TABLE public.base OWNER TO baluadmin;

--
-- TOC entry 215 (class 1259 OID 16419)
-- Name: base_id_seq; Type: SEQUENCE; Schema: public; Owner: baluadmin
--

ALTER TABLE public.base ALTER COLUMN id ADD GENERATED BY DEFAULT AS IDENTITY (
    SEQUENCE NAME public.base_id_seq
    START WITH 1
    INCREMENT BY 1
    NO MINVALUE
    NO MAXVALUE
    CACHE 1
);


--
-- TOC entry 221 (class 1259 OID 16459)
-- Name: cafe; Type: TABLE; Schema: public; Owner: baluadmin
--

CREATE TABLE public.cafe (
    id integer NOT NULL,
    title character varying(200) NOT NULL,
    city character varying(250) NOT NULL,
    email character varying(150) NOT NULL,
    phone character varying(50) NOT NULL,
    open_at character varying(30),
    close_at character varying(30),
    image character varying(200)
);


ALTER TABLE public.cafe OWNER TO baluadmin;

--
-- TOC entry 220 (class 1259 OID 16458)
-- Name: cafe_id_seq; Type: SEQUENCE; Schema: public; Owner: baluadmin
--

ALTER TABLE public.cafe ALTER COLUMN id ADD GENERATED BY DEFAULT AS IDENTITY (
    SEQUENCE NAME public.cafe_id_seq
    START WITH 1
    INCREMENT BY 1
    NO MINVALUE
    NO MAXVALUE
    CACHE 1
);


--
-- TOC entry 222 (class 1259 OID 16466)
-- Name: cafe_pizza; Type: TABLE; Schema: public; Owner: baluadmin
--

CREATE TABLE public.cafe_pizza (
    cafe_id integer NOT NULL,
    pizza_id integer NOT NULL
);


ALTER TABLE public.cafe_pizza OWNER TO baluadmin;

--
-- TOC entry 210 (class 1259 OID 16391)
-- Name: databasechangelog; Type: TABLE; Schema: public; Owner: baluadmin
--

CREATE TABLE public.databasechangelog (
    id character varying(255) NOT NULL,
    author character varying(255) NOT NULL,
    filename character varying(255) NOT NULL,
    dateexecuted timestamp without time zone NOT NULL,
    orderexecuted integer NOT NULL,
    exectype character varying(10) NOT NULL,
    md5sum character varying(35),
    description character varying(255),
    comments character varying(255),
    tag character varying(255),
    liquibase character varying(20),
    contexts character varying(255),
    labels character varying(255),
    deployment_id character varying(10)
);


ALTER TABLE public.databasechangelog OWNER TO baluadmin;

--
-- TOC entry 209 (class 1259 OID 16386)
-- Name: databasechangeloglock; Type: TABLE; Schema: public; Owner: baluadmin
--

CREATE TABLE public.databasechangeloglock (
    id integer NOT NULL,
    locked boolean NOT NULL,
    lockgranted timestamp without time zone,
    lockedby character varying(255)
);


ALTER TABLE public.databasechangeloglock OWNER TO baluadmin;

--
-- TOC entry 214 (class 1259 OID 16405)
-- Name: ingredient; Type: TABLE; Schema: public; Owner: baluadmin
--

CREATE TABLE public.ingredient (
    id integer NOT NULL,
    name character varying(200) NOT NULL,
    price double precision,
    image character varying(200),
    type_id integer
);


ALTER TABLE public.ingredient OWNER TO baluadmin;

--
-- TOC entry 213 (class 1259 OID 16404)
-- Name: ingredient_id_seq; Type: SEQUENCE; Schema: public; Owner: baluadmin
--

ALTER TABLE public.ingredient ALTER COLUMN id ADD GENERATED BY DEFAULT AS IDENTITY (
    SEQUENCE NAME public.ingredient_id_seq
    START WITH 1
    INCREMENT BY 1
    NO MINVALUE
    NO MAXVALUE
    CACHE 1
);


--
-- TOC entry 224 (class 1259 OID 16480)
-- Name: person; Type: TABLE; Schema: public; Owner: baluadmin
--

CREATE TABLE public.person (
    id integer NOT NULL,
    username character varying(150) NOT NULL,
    password character varying NOT NULL,
    email character varying(150) NOT NULL,
    role character varying(30) NOT NULL,
    avatar character varying(200)
);


ALTER TABLE public.person OWNER TO baluadmin;

--
-- TOC entry 223 (class 1259 OID 16479)
-- Name: person_id_seq; Type: SEQUENCE; Schema: public; Owner: baluadmin
--

ALTER TABLE public.person ALTER COLUMN id ADD GENERATED BY DEFAULT AS IDENTITY (
    SEQUENCE NAME public.person_id_seq
    START WITH 1
    INCREMENT BY 1
    NO MINVALUE
    NO MAXVALUE
    CACHE 1
);


--
-- TOC entry 225 (class 1259 OID 16491)
-- Name: person_pizza; Type: TABLE; Schema: public; Owner: baluadmin
--

CREATE TABLE public.person_pizza (
    person_id integer NOT NULL,
    pizza_id integer NOT NULL
);


ALTER TABLE public.person_pizza OWNER TO baluadmin;

--
-- TOC entry 218 (class 1259 OID 16428)
-- Name: pizza; Type: TABLE; Schema: public; Owner: baluadmin
--

CREATE TABLE public.pizza (
    id integer NOT NULL,
    name character varying(200) NOT NULL,
    price double precision,
    image character varying(200),
    base_id integer
);


ALTER TABLE public.pizza OWNER TO baluadmin;

--
-- TOC entry 217 (class 1259 OID 16427)
-- Name: pizza_id_seq; Type: SEQUENCE; Schema: public; Owner: baluadmin
--

ALTER TABLE public.pizza ALTER COLUMN id ADD GENERATED BY DEFAULT AS IDENTITY (
    SEQUENCE NAME public.pizza_id_seq
    START WITH 1
    INCREMENT BY 1
    NO MINVALUE
    NO MAXVALUE
    CACHE 1
);


--
-- TOC entry 219 (class 1259 OID 16445)
-- Name: pizza_ingredient; Type: TABLE; Schema: public; Owner: baluadmin
--

CREATE TABLE public.pizza_ingredient (
    pizza_id integer NOT NULL,
    ingredient_id integer NOT NULL
);


ALTER TABLE public.pizza_ingredient OWNER TO baluadmin;

--
-- TOC entry 227 (class 1259 OID 16518)
-- Name: stacks; Type: TABLE; Schema: public; Owner: baluadmin
--

CREATE TABLE public.stacks (
    id integer NOT NULL,
    name character varying(200) NOT NULL,
    image character varying(150),
    priority integer
);


ALTER TABLE public.stacks OWNER TO baluadmin;

--
-- TOC entry 226 (class 1259 OID 16517)
-- Name: stacks_id_seq; Type: SEQUENCE; Schema: public; Owner: baluadmin
--

ALTER TABLE public.stacks ALTER COLUMN id ADD GENERATED BY DEFAULT AS IDENTITY (
    SEQUENCE NAME public.stacks_id_seq
    START WITH 1
    INCREMENT BY 1
    NO MINVALUE
    NO MAXVALUE
    CACHE 1
);


--
-- TOC entry 228 (class 1259 OID 16524)
-- Name: t_roles; Type: TABLE; Schema: public; Owner: baluadmin
--

CREATE TABLE public.t_roles (
    id bigint NOT NULL,
    name character varying(20) NOT NULL
);


ALTER TABLE public.t_roles OWNER TO baluadmin;

--
-- TOC entry 229 (class 1259 OID 16527)
-- Name: t_roles_id_seq; Type: SEQUENCE; Schema: public; Owner: baluadmin
--

ALTER TABLE public.t_roles ALTER COLUMN id ADD GENERATED BY DEFAULT AS IDENTITY (
    SEQUENCE NAME public.t_roles_id_seq
    START WITH 1
    INCREMENT BY 1
    NO MINVALUE
    NO MAXVALUE
    CACHE 1
);


--
-- TOC entry 230 (class 1259 OID 16528)
-- Name: t_users; Type: TABLE; Schema: public; Owner: baluadmin
--

CREATE TABLE public.t_users (
    id bigint NOT NULL,
    username character varying(150) NOT NULL,
    password character varying NOT NULL,
    email character varying(150) NOT NULL
);


ALTER TABLE public.t_users OWNER TO baluadmin;

--
-- TOC entry 231 (class 1259 OID 16533)
-- Name: t_users_id_seq; Type: SEQUENCE; Schema: public; Owner: baluadmin
--

ALTER TABLE public.t_users ALTER COLUMN id ADD GENERATED BY DEFAULT AS IDENTITY (
    SEQUENCE NAME public.t_users_id_seq
    START WITH 1
    INCREMENT BY 1
    NO MINVALUE
    NO MAXVALUE
    CACHE 1
);


--
-- TOC entry 212 (class 1259 OID 16397)
-- Name: type; Type: TABLE; Schema: public; Owner: baluadmin
--

CREATE TABLE public.type (
    id integer NOT NULL,
    name character varying(200) NOT NULL
);


ALTER TABLE public.type OWNER TO baluadmin;

--
-- TOC entry 211 (class 1259 OID 16396)
-- Name: type_id_seq; Type: SEQUENCE; Schema: public; Owner: baluadmin
--

ALTER TABLE public.type ALTER COLUMN id ADD GENERATED BY DEFAULT AS IDENTITY (
    SEQUENCE NAME public.type_id_seq
    START WITH 1
    INCREMENT BY 1
    NO MINVALUE
    NO MAXVALUE
    CACHE 1
);


--
-- TOC entry 232 (class 1259 OID 16534)
-- Name: user_roles; Type: TABLE; Schema: public; Owner: baluadmin
--

CREATE TABLE public.user_roles (
    user_id bigint,
    role_id bigint
);


ALTER TABLE public.user_roles OWNER TO baluadmin;

--
-- TOC entry 4164 (class 0 OID 16420)
-- Dependencies: 216
-- Data for Name: base; Type: TABLE DATA; Schema: public; Owner: baluadmin
--

INSERT INTO public.base VALUES (1, 'Small', 'Thin crust', 3.5);
INSERT INTO public.base VALUES (2, 'Medium', 'Thin crust', 4.5);
INSERT INTO public.base VALUES (3, 'Large', 'Thin crust', 6.5);
INSERT INTO public.base VALUES (4, 'Small', 'Standart crust', 3);
INSERT INTO public.base VALUES (5, 'Medium', 'Standart crust', 4);
INSERT INTO public.base VALUES (6, 'Large', 'Standart crust', 6);
INSERT INTO public.base VALUES (7, 'Medium', 'Corn dough', 4.5);


--
-- TOC entry 4169 (class 0 OID 16459)
-- Dependencies: 221
-- Data for Name: cafe; Type: TABLE DATA; Schema: public; Owner: baluadmin
--

INSERT INTO public.cafe VALUES (1, 'Pizza house', 'Magdeburg, Lange str. 20', 'pizza_info@pizza.net', '+49-151-111-222-33', '08:00', '20:00', 'c_cafe1.jpg');
INSERT INTO public.cafe VALUES (3, 'Grand', 'Potsdam, Bahnhof str.2', 'potsdam_cafe@pizza.net', '+49-333-444-555-66', '08:00', '21:00', 'c_cafe3.jpg');
INSERT INTO public.cafe VALUES (2, 'Berlin Pizza', 'Berlin, Bahnhof str. 11', 'pizza_berlin@pizza.net', '+49-151-333-444-55', '08:00', '20:00', 'c_cafe2.jpg');


--
-- TOC entry 4170 (class 0 OID 16466)
-- Dependencies: 222
-- Data for Name: cafe_pizza; Type: TABLE DATA; Schema: public; Owner: baluadmin
--

INSERT INTO public.cafe_pizza VALUES (1, 4);
INSERT INTO public.cafe_pizza VALUES (1, 1);
INSERT INTO public.cafe_pizza VALUES (1, 2);
INSERT INTO public.cafe_pizza VALUES (1, 6);
INSERT INTO public.cafe_pizza VALUES (1, 3);
INSERT INTO public.cafe_pizza VALUES (3, 4);
INSERT INTO public.cafe_pizza VALUES (3, 5);
INSERT INTO public.cafe_pizza VALUES (3, 3);
INSERT INTO public.cafe_pizza VALUES (2, 5);
INSERT INTO public.cafe_pizza VALUES (2, 1);
INSERT INTO public.cafe_pizza VALUES (2, 6);
INSERT INTO public.cafe_pizza VALUES (2, 2);
INSERT INTO public.cafe_pizza VALUES (2, 10);


--
-- TOC entry 4158 (class 0 OID 16391)
-- Dependencies: 210
-- Data for Name: databasechangelog; Type: TABLE DATA; Schema: public; Owner: baluadmin
--

INSERT INTO public.databasechangelog VALUES ('create-type-table', 'Bugaienko', 'db/changelog/sets/DEV-1.yaml', '2023-04-29 21:04:47.529799', 1, 'EXECUTED', '8:23727f0f67144f8756207295238f3b0b', 'createTable tableName=type', '', NULL, '4.9.1', NULL, NULL, '2795087297');
INSERT INTO public.databasechangelog VALUES ('create-ingredient-table', 'Bugaienko', 'db/changelog/sets/DEV-2.yaml', '2023-04-29 21:04:47.652773', 2, 'EXECUTED', '8:201699820ea4d796ceb44f4cdc0ecd25', 'createTable tableName=ingredient; addForeignKeyConstraint baseTableName=ingredient, constraintName=ingredient_id_type_id, referencedTableName=type', '', NULL, '4.9.1', NULL, NULL, '2795087297');
INSERT INTO public.databasechangelog VALUES ('create-base-table', 'Bugaienko', 'db/changelog/sets/DEV-3.yaml', '2023-04-29 21:04:47.731313', 3, 'EXECUTED', '8:8671972803380928eb12657a33724059', 'createTable tableName=base', '', NULL, '4.9.1', NULL, NULL, '2795087297');
INSERT INTO public.databasechangelog VALUES ('create-pizza-table', 'Bugaienko', 'db/changelog/sets/DEV-4.yaml', '2023-04-29 21:04:47.83007', 4, 'EXECUTED', '8:4d6c0acf22ca923ba7249638f9a08836', 'createTable tableName=pizza; addForeignKeyConstraint baseTableName=pizza, constraintName=pizza_base_id_base_id, referencedTableName=base', '', NULL, '4.9.1', NULL, NULL, '2795087297');
INSERT INTO public.databasechangelog VALUES ('change-fk-ingredient', 'Bugaienko', 'db/changelog/sets/DEV-5.yaml', '2023-04-29 21:04:47.931818', 5, 'EXECUTED', '8:4af13974596f6f1b943800deabcf00c1', 'dropForeignKeyConstraint baseTableName=ingredient, constraintName=ingredient_id_type_id; addForeignKeyConstraint baseTableName=ingredient, constraintName=ingredient_type_id_type_id, referencedTableName=type', '', NULL, '4.9.1', NULL, NULL, '2795087297');
INSERT INTO public.databasechangelog VALUES ('create-pizza-ingredient-table', 'Bugaienko', 'db/changelog/sets/DEV-6.yaml', '2023-04-29 21:04:48.045567', 6, 'EXECUTED', '8:f3e43afef456a3d3c543d16dc34aec80', 'createTable tableName=pizza_ingredient; addForeignKeyConstraint baseTableName=pizza_ingredient, constraintName=fk_pizza, referencedTableName=pizza; addForeignKeyConstraint baseTableName=pizza_ingredient, constraintName=fk_ingredient, referencedTab...', '', NULL, '4.9.1', NULL, NULL, '2795087297');
INSERT INTO public.databasechangelog VALUES ('create-cafe-table', 'Bugaienko', 'db/changelog/sets/DEV-7.yaml', '2023-04-29 21:04:48.125297', 7, 'EXECUTED', '8:6fe2b4da5fffc0efec0df1a87a87ce16', 'createTable tableName=cafe', '', NULL, '4.9.1', NULL, NULL, '2795087297');
INSERT INTO public.databasechangelog VALUES ('create-cafe-pizza-table', 'Bugaienko', 'db/changelog/sets/DEV-8.yaml', '2023-04-29 21:04:48.238284', 8, 'EXECUTED', '8:f538f504c16795feda57fa2188d95fed', 'createTable tableName=cafe_pizza; addForeignKeyConstraint baseTableName=cafe_pizza, constraintName=fk_cafe_pizza, referencedTableName=cafe; addForeignKeyConstraint baseTableName=cafe_pizza, constraintName=fk_pizza_cafe, referencedTableName=pizza', '', NULL, '4.9.1', NULL, NULL, '2795087297');
INSERT INTO public.databasechangelog VALUES ('create-person-table', 'Bugaienko', 'db/changelog/sets/DEV-9.yaml', '2023-04-29 21:04:48.321286', 9, 'EXECUTED', '8:3ec48ab5777f77a43f4be87fb1dc727d', 'createTable tableName=person', '', NULL, '4.9.1', NULL, NULL, '2795087297');
INSERT INTO public.databasechangelog VALUES ('create-person-pizza-table', 'Bugaienko', 'db/changelog/sets/DEV-10.yaml', '2023-04-29 21:04:48.434053', 10, 'EXECUTED', '8:55c5fa8d1ca3281fbdbbb039b785d603', 'createTable tableName=person_pizza; addForeignKeyConstraint baseTableName=person_pizza, constraintName=fk_person_pizza, referencedTableName=person; addForeignKeyConstraint baseTableName=person_pizza, constraintName=fk_pizza_person, referencedTable...', '', NULL, '4.9.1', NULL, NULL, '2795087297');
INSERT INTO public.databasechangelog VALUES ('create-base-table', 'Bugaienko', 'db/changelog/sets/DEV-11.yaml', '2023-04-29 21:04:48.511545', 11, 'EXECUTED', '8:c14ec34189e92ab1cb3cd6ca5c0b5f70', 'modifyDataType columnName=price, tableName=base', '', NULL, '4.9.1', NULL, NULL, '2795087297');
INSERT INTO public.databasechangelog VALUES ('create-base-table', 'Bugaienko', 'db/changelog/sets/DEV-12.yaml', '2023-04-29 21:04:48.606293', 12, 'EXECUTED', '8:91034f015309f6e6752024402db14717', 'modifyDataType columnName=price, tableName=ingredient', '', NULL, '4.9.1', NULL, NULL, '2795087297');
INSERT INTO public.databasechangelog VALUES ('create-base-table', 'Bugaienko', 'db/changelog/sets/DEV-13.yaml', '2023-04-29 21:04:48.682857', 13, 'EXECUTED', '8:fa561447363b9a0a8702d053df01261f', 'modifyDataType columnName=price, tableName=pizza', '', NULL, '4.9.1', NULL, NULL, '2795087297');
INSERT INTO public.databasechangelog VALUES ('create-base-stacks', 'Bugaienko', 'db/changelog/sets/DEV-14.yaml', '2023-04-29 21:04:48.760552', 14, 'EXECUTED', '8:768bfab93a9069b154cf88b33557b2f7', 'createTable tableName=stacks', '', NULL, '4.9.1', NULL, NULL, '2795087297');
INSERT INTO public.databasechangelog VALUES ('create-type-table', 'Bugaienko', 'db/changelog/sets/DEV-1.yaml', '2023-04-07 01:28:37.749964', 1, 'EXECUTED', '8:23727f0f67144f8756207295238f3b0b', 'createTable tableName=type', '', NULL, '4.9.1', NULL, NULL, '0823716659');
INSERT INTO public.databasechangelog VALUES ('create-ingredient-table', 'Bugaienko', 'db/changelog/sets/DEV-2.yaml', '2023-04-07 09:30:35.588026', 2, 'EXECUTED', '8:201699820ea4d796ceb44f4cdc0ecd25', 'createTable tableName=ingredient; addForeignKeyConstraint baseTableName=ingredient, constraintName=ingredient_id_type_id, referencedTableName=type', '', NULL, '4.9.1', NULL, NULL, '0852634826');
INSERT INTO public.databasechangelog VALUES ('create-base-table', 'Bugaienko', 'db/changelog/sets/DEV-3.yaml', '2023-04-07 09:38:24.538965', 3, 'EXECUTED', '8:8671972803380928eb12657a33724059', 'createTable tableName=base', '', NULL, '4.9.1', NULL, NULL, '0853103856');
INSERT INTO public.databasechangelog VALUES ('create-pizza-table', 'Bugaienko', 'db/changelog/sets/DEV-4.yaml', '2023-04-07 09:49:03.192551', 4, 'EXECUTED', '8:4d6c0acf22ca923ba7249638f9a08836', 'createTable tableName=pizza; addForeignKeyConstraint baseTableName=pizza, constraintName=pizza_base_id_base_id, referencedTableName=base', '', NULL, '4.9.1', NULL, NULL, '0853742580');
INSERT INTO public.databasechangelog VALUES ('change-fk-ingredient', 'Bugaienko', 'db/changelog/sets/DEV-5.yaml', '2023-04-07 09:58:34.948161', 5, 'EXECUTED', '8:4af13974596f6f1b943800deabcf00c1', 'dropForeignKeyConstraint baseTableName=ingredient, constraintName=ingredient_id_type_id; addForeignKeyConstraint baseTableName=ingredient, constraintName=ingredient_type_id_type_id, referencedTableName=type', '', NULL, '4.9.1', NULL, NULL, '0854314445');
INSERT INTO public.databasechangelog VALUES ('create-pizza-ingredient-table', 'Bugaienko', 'db/changelog/sets/DEV-6.yaml', '2023-04-07 13:21:19.383917', 6, 'EXECUTED', '8:f3e43afef456a3d3c543d16dc34aec80', 'createTable tableName=pizza_ingredient; addForeignKeyConstraint baseTableName=pizza_ingredient, constraintName=fk_pizza, referencedTableName=pizza; addForeignKeyConstraint baseTableName=pizza_ingredient, constraintName=fk_ingredient, referencedTab...', '', NULL, '4.9.1', NULL, NULL, '0866478958');
INSERT INTO public.databasechangelog VALUES ('create-cafe-table', 'Bugaienko', 'db/changelog/sets/DEV-7.yaml', '2023-04-07 13:31:29.712891', 7, 'EXECUTED', '8:6fe2b4da5fffc0efec0df1a87a87ce16', 'createTable tableName=cafe', '', NULL, '4.9.1', NULL, NULL, '0867089325');
INSERT INTO public.databasechangelog VALUES ('create-cafe-pizza-table', 'Bugaienko', 'db/changelog/sets/DEV-8.yaml', '2023-04-07 13:31:29.854427', 8, 'EXECUTED', '8:f538f504c16795feda57fa2188d95fed', 'createTable tableName=cafe_pizza; addForeignKeyConstraint baseTableName=cafe_pizza, constraintName=fk_cafe_pizza, referencedTableName=cafe; addForeignKeyConstraint baseTableName=cafe_pizza, constraintName=fk_pizza_cafe, referencedTableName=pizza', '', NULL, '4.9.1', NULL, NULL, '0867089325');
INSERT INTO public.databasechangelog VALUES ('create-person-table', 'Bugaienko', 'db/changelog/sets/DEV-9.yaml', '2023-04-07 13:40:09.195596', 9, 'EXECUTED', '8:3ec48ab5777f77a43f4be87fb1dc727d', 'createTable tableName=person', '', NULL, '4.9.1', NULL, NULL, '0867608789');
INSERT INTO public.databasechangelog VALUES ('create-person-pizza-table', 'Bugaienko', 'db/changelog/sets/DEV-10.yaml', '2023-04-07 13:40:09.335605', 10, 'EXECUTED', '8:55c5fa8d1ca3281fbdbbb039b785d603', 'createTable tableName=person_pizza; addForeignKeyConstraint baseTableName=person_pizza, constraintName=fk_person_pizza, referencedTableName=person; addForeignKeyConstraint baseTableName=person_pizza, constraintName=fk_pizza_person, referencedTable...', '', NULL, '4.9.1', NULL, NULL, '0867608789');
INSERT INTO public.databasechangelog VALUES ('create-base-table', 'Bugaienko', 'db/changelog/sets/DEV-11.yaml', '2023-04-07 13:45:57.273878', 11, 'EXECUTED', '8:c14ec34189e92ab1cb3cd6ca5c0b5f70', 'modifyDataType columnName=price, tableName=base', '', NULL, '4.9.1', NULL, NULL, '0867956890');
INSERT INTO public.databasechangelog VALUES ('create-base-table', 'Bugaienko', 'db/changelog/sets/DEV-12.yaml', '2023-04-07 13:46:50.265262', 12, 'EXECUTED', '8:91034f015309f6e6752024402db14717', 'modifyDataType columnName=price, tableName=ingredient', '', NULL, '4.9.1', NULL, NULL, '0868009885');
INSERT INTO public.databasechangelog VALUES ('create-base-table', 'Bugaienko', 'db/changelog/sets/DEV-13.yaml', '2023-04-07 13:47:28.771237', 13, 'EXECUTED', '8:fa561447363b9a0a8702d053df01261f', 'modifyDataType columnName=price, tableName=pizza', '', NULL, '4.9.1', NULL, NULL, '0868048384');
INSERT INTO public.databasechangelog VALUES ('create-role-table', 'Bugaienko', 'db/changelog/sets/DEV-14.yaml', '2023-04-10 13:55:23.062554', 14, 'EXECUTED', '8:4e841d00701cc12e061aefc0b3336df9', 'createTable tableName=t_roles', '', NULL, '4.9.1', NULL, NULL, '1127722727');
INSERT INTO public.databasechangelog VALUES ('create-user-table', 'Bugaienko', 'db/changelog/sets/DEV-15.yaml', '2023-04-10 13:55:23.174577', 15, 'EXECUTED', '8:a2c0572221b6673b01675ec25aacd646', 'createTable tableName=t_users', '', NULL, '4.9.1', NULL, NULL, '1127722727');
INSERT INTO public.databasechangelog VALUES ('create-user-role-table', 'Bugaienko', 'db/changelog/sets/DEV-16.yaml', '2023-04-10 13:55:23.307574', 16, 'EXECUTED', '8:66f1c7645663233af553fbc4d7f1bb97', 'createTable tableName=user_roles; addForeignKeyConstraint baseTableName=user_roles, constraintName=fk_user_roles, referencedTableName=t_users; addForeignKeyConstraint baseTableName=user_roles, constraintName=fk_roles_user, referencedTableName=t_roles', '', NULL, '4.9.1', NULL, NULL, '1127722727');
INSERT INTO public.databasechangelog VALUES ('create-base-stacks', 'Bugaienko', 'db/changelog/sets/DEV-14.yaml', '2023-04-22 21:24:23.35128', 17, 'EXECUTED', '8:768bfab93a9069b154cf88b33557b2f7', 'createTable tableName=stacks', '', NULL, '4.9.1', NULL, NULL, '2191463140');
INSERT INTO public.databasechangelog VALUES ('create-type-table', 'Bugaienko', 'db/changelog/sets/DEV-1.yaml', '2023-04-07 01:28:37.749964', 1, 'EXECUTED', '8:23727f0f67144f8756207295238f3b0b', 'createTable tableName=type', '', NULL, '4.9.1', NULL, NULL, '0823716659');
INSERT INTO public.databasechangelog VALUES ('create-ingredient-table', 'Bugaienko', 'db/changelog/sets/DEV-2.yaml', '2023-04-07 09:30:35.588026', 2, 'EXECUTED', '8:201699820ea4d796ceb44f4cdc0ecd25', 'createTable tableName=ingredient; addForeignKeyConstraint baseTableName=ingredient, constraintName=ingredient_id_type_id, referencedTableName=type', '', NULL, '4.9.1', NULL, NULL, '0852634826');
INSERT INTO public.databasechangelog VALUES ('create-base-table', 'Bugaienko', 'db/changelog/sets/DEV-3.yaml', '2023-04-07 09:38:24.538965', 3, 'EXECUTED', '8:8671972803380928eb12657a33724059', 'createTable tableName=base', '', NULL, '4.9.1', NULL, NULL, '0853103856');
INSERT INTO public.databasechangelog VALUES ('create-pizza-table', 'Bugaienko', 'db/changelog/sets/DEV-4.yaml', '2023-04-07 09:49:03.192551', 4, 'EXECUTED', '8:4d6c0acf22ca923ba7249638f9a08836', 'createTable tableName=pizza; addForeignKeyConstraint baseTableName=pizza, constraintName=pizza_base_id_base_id, referencedTableName=base', '', NULL, '4.9.1', NULL, NULL, '0853742580');
INSERT INTO public.databasechangelog VALUES ('change-fk-ingredient', 'Bugaienko', 'db/changelog/sets/DEV-5.yaml', '2023-04-07 09:58:34.948161', 5, 'EXECUTED', '8:4af13974596f6f1b943800deabcf00c1', 'dropForeignKeyConstraint baseTableName=ingredient, constraintName=ingredient_id_type_id; addForeignKeyConstraint baseTableName=ingredient, constraintName=ingredient_type_id_type_id, referencedTableName=type', '', NULL, '4.9.1', NULL, NULL, '0854314445');
INSERT INTO public.databasechangelog VALUES ('create-pizza-ingredient-table', 'Bugaienko', 'db/changelog/sets/DEV-6.yaml', '2023-04-07 13:21:19.383917', 6, 'EXECUTED', '8:f3e43afef456a3d3c543d16dc34aec80', 'createTable tableName=pizza_ingredient; addForeignKeyConstraint baseTableName=pizza_ingredient, constraintName=fk_pizza, referencedTableName=pizza; addForeignKeyConstraint baseTableName=pizza_ingredient, constraintName=fk_ingredient, referencedTab...', '', NULL, '4.9.1', NULL, NULL, '0866478958');
INSERT INTO public.databasechangelog VALUES ('create-cafe-table', 'Bugaienko', 'db/changelog/sets/DEV-7.yaml', '2023-04-07 13:31:29.712891', 7, 'EXECUTED', '8:6fe2b4da5fffc0efec0df1a87a87ce16', 'createTable tableName=cafe', '', NULL, '4.9.1', NULL, NULL, '0867089325');
INSERT INTO public.databasechangelog VALUES ('create-cafe-pizza-table', 'Bugaienko', 'db/changelog/sets/DEV-8.yaml', '2023-04-07 13:31:29.854427', 8, 'EXECUTED', '8:f538f504c16795feda57fa2188d95fed', 'createTable tableName=cafe_pizza; addForeignKeyConstraint baseTableName=cafe_pizza, constraintName=fk_cafe_pizza, referencedTableName=cafe; addForeignKeyConstraint baseTableName=cafe_pizza, constraintName=fk_pizza_cafe, referencedTableName=pizza', '', NULL, '4.9.1', NULL, NULL, '0867089325');
INSERT INTO public.databasechangelog VALUES ('create-person-table', 'Bugaienko', 'db/changelog/sets/DEV-9.yaml', '2023-04-07 13:40:09.195596', 9, 'EXECUTED', '8:3ec48ab5777f77a43f4be87fb1dc727d', 'createTable tableName=person', '', NULL, '4.9.1', NULL, NULL, '0867608789');
INSERT INTO public.databasechangelog VALUES ('create-person-pizza-table', 'Bugaienko', 'db/changelog/sets/DEV-10.yaml', '2023-04-07 13:40:09.335605', 10, 'EXECUTED', '8:55c5fa8d1ca3281fbdbbb039b785d603', 'createTable tableName=person_pizza; addForeignKeyConstraint baseTableName=person_pizza, constraintName=fk_person_pizza, referencedTableName=person; addForeignKeyConstraint baseTableName=person_pizza, constraintName=fk_pizza_person, referencedTable...', '', NULL, '4.9.1', NULL, NULL, '0867608789');
INSERT INTO public.databasechangelog VALUES ('create-base-table', 'Bugaienko', 'db/changelog/sets/DEV-11.yaml', '2023-04-07 13:45:57.273878', 11, 'EXECUTED', '8:c14ec34189e92ab1cb3cd6ca5c0b5f70', 'modifyDataType columnName=price, tableName=base', '', NULL, '4.9.1', NULL, NULL, '0867956890');
INSERT INTO public.databasechangelog VALUES ('create-base-table', 'Bugaienko', 'db/changelog/sets/DEV-12.yaml', '2023-04-07 13:46:50.265262', 12, 'EXECUTED', '8:91034f015309f6e6752024402db14717', 'modifyDataType columnName=price, tableName=ingredient', '', NULL, '4.9.1', NULL, NULL, '0868009885');
INSERT INTO public.databasechangelog VALUES ('create-base-table', 'Bugaienko', 'db/changelog/sets/DEV-13.yaml', '2023-04-07 13:47:28.771237', 13, 'EXECUTED', '8:fa561447363b9a0a8702d053df01261f', 'modifyDataType columnName=price, tableName=pizza', '', NULL, '4.9.1', NULL, NULL, '0868048384');
INSERT INTO public.databasechangelog VALUES ('create-role-table', 'Bugaienko', 'db/changelog/sets/DEV-14.yaml', '2023-04-10 13:55:23.062554', 14, 'EXECUTED', '8:4e841d00701cc12e061aefc0b3336df9', 'createTable tableName=t_roles', '', NULL, '4.9.1', NULL, NULL, '1127722727');
INSERT INTO public.databasechangelog VALUES ('create-user-table', 'Bugaienko', 'db/changelog/sets/DEV-15.yaml', '2023-04-10 13:55:23.174577', 15, 'EXECUTED', '8:a2c0572221b6673b01675ec25aacd646', 'createTable tableName=t_users', '', NULL, '4.9.1', NULL, NULL, '1127722727');
INSERT INTO public.databasechangelog VALUES ('create-user-role-table', 'Bugaienko', 'db/changelog/sets/DEV-16.yaml', '2023-04-10 13:55:23.307574', 16, 'EXECUTED', '8:66f1c7645663233af553fbc4d7f1bb97', 'createTable tableName=user_roles; addForeignKeyConstraint baseTableName=user_roles, constraintName=fk_user_roles, referencedTableName=t_users; addForeignKeyConstraint baseTableName=user_roles, constraintName=fk_roles_user, referencedTableName=t_roles', '', NULL, '4.9.1', NULL, NULL, '1127722727');
INSERT INTO public.databasechangelog VALUES ('create-base-stacks', 'Bugaienko', 'db/changelog/sets/DEV-14.yaml', '2023-04-22 21:24:23.35128', 17, 'EXECUTED', '8:768bfab93a9069b154cf88b33557b2f7', 'createTable tableName=stacks', '', NULL, '4.9.1', NULL, NULL, '2191463140');


--
-- TOC entry 4157 (class 0 OID 16386)
-- Dependencies: 209
-- Data for Name: databasechangeloglock; Type: TABLE DATA; Schema: public; Owner: baluadmin
--

INSERT INTO public.databasechangeloglock VALUES (1, false, NULL, NULL);


--
-- TOC entry 4162 (class 0 OID 16405)
-- Dependencies: 214
-- Data for Name: ingredient; Type: TABLE DATA; Schema: public; Owner: baluadmin
--

INSERT INTO public.ingredient VALUES (33, 'Ham', 4.5, 'i_ham.jpg', 1);
INSERT INTO public.ingredient VALUES (54, 'Olives', 2, 'i_olives.jpg', 4);
INSERT INTO public.ingredient VALUES (29, 'Chicken fillet', 4.5, 'i_chicken.jpg', 1);
INSERT INTO public.ingredient VALUES (35, 'Salmon', 6, 'i_salmon.jpg', 2);
INSERT INTO public.ingredient VALUES (36, 'Mussels', 6, 'i_mussels.jpg', 2);
INSERT INTO public.ingredient VALUES (32, 'Bacon', 3.5, 'i_bacon.jpg', 1);
INSERT INTO public.ingredient VALUES (30, 'Meatballs', 5.5, 'i_meatball.jpg', 1);
INSERT INTO public.ingredient VALUES (37, 'Seaweed', 3.5, 'i_seaweed.jpg', 2);
INSERT INTO public.ingredient VALUES (31, 'Hunting sausages', 5, 'i_hunting2.jpg', 1);
INSERT INTO public.ingredient VALUES (34, 'Shrimps', 6, 'i_shrimps.jpg', 2);
INSERT INTO public.ingredient VALUES (51, 'Garlic sauce', 1, 'i_garlic_sauce.jpg', 5);
INSERT INTO public.ingredient VALUES (38, 'Cheddar', 3.5, 'i_cheddar.jpg', 3);
INSERT INTO public.ingredient VALUES (46, 'Champignon', 4, 'i_champignon.jpg', 4);
INSERT INTO public.ingredient VALUES (49, 'Tomato sauce', 0, 'i_tomato_sauce.jpg', 5);
INSERT INTO public.ingredient VALUES (42, 'Dor blue', 5.5, 'i_dor_blue.jpg', 3);
INSERT INTO public.ingredient VALUES (40, 'Mozzarella', 3.5, 'i_mozzarella.jpg', 3);
INSERT INTO public.ingredient VALUES (39, 'Double cheddar', 6.5, 'i_cheddar.jpg', 3);
INSERT INTO public.ingredient VALUES (44, 'Corn', 2.5, 'i_corn.jpg', 4);
INSERT INTO public.ingredient VALUES (52, 'Teriyaki sauce', 1.5, 'i_teriyaki_sauce.jpg', 5);
INSERT INTO public.ingredient VALUES (45, 'Cherry', 4, 'i_cherry.jpg', 4);
INSERT INTO public.ingredient VALUES (47, 'Bell pepper', 3.5, 'i_bell.jpg', 4);
INSERT INTO public.ingredient VALUES (41, 'Parmesan', 4.5, 'i_parmesan.jpg', 3);
INSERT INTO public.ingredient VALUES (50, 'Barbecue sauce', 1, 'i_barbeque_sauce.jpg', 5);
INSERT INTO public.ingredient VALUES (43, 'Tomatoes', 3, 'i_tomatoes.jpg', 4);
INSERT INTO public.ingredient VALUES (48, 'Cayenne pepper', 3.5, 'i_cayenne.jpg', 4);
INSERT INTO public.ingredient VALUES (55, 'SALMON', 1, '', 2);


--
-- TOC entry 4172 (class 0 OID 16480)
-- Dependencies: 224
-- Data for Name: person; Type: TABLE DATA; Schema: public; Owner: baluadmin
--

INSERT INTO public.person VALUES (2, 'Balu test', '$2a$10$rOl2j3ZaYeDVGW.H5TUAPOO5DF6YhNazpw3LqNoOZg19H1LddLt/O', 'serg_w@ukr.net', 'ROLE_USER', NULL);
INSERT INTO public.person VALUES (3, 'test', '$2a$10$QFTq7SlJ3Cel.t09z8TbvO5jyXMAk4ajyptIfWoU5lvaE6p9VeNoa', 'myemail@mail.com', 'ROLE_USER', 'av_test.jpg');
INSERT INTO public.person VALUES (58, 'Dzmitry', '$2a$10$Gyaiv1rt9A2p8IFrPE09xe0ji.GLEAH31FETt2JMfursNBpy5iI0y', 'dkryvialeu@gmail.com', 'ROLE_USER', '2c9b62e5-4720-4b39-ba7f-f7b41ad9d9e4_');
INSERT INTO public.person VALUES (67, 'qwer', '$2a$10$CCG.dH9SaV2CnKQa0tevkehhaVpubL1Lz3FqI63j7iii5jdLkQvUi', 'qwer@test.com', 'ROLE_USER', '0a795668-ec28-42cd-8d52-493356cefc91_person_4.jpg');
INSERT INTO public.person VALUES (68, 'qwer1', '$2a$10$14sn9tiQozqkyTQgKSPl/.8xvGCXLeXiqAub/O8rkaKGn2chc4/sW', 'qwer1@test.com', 'ROLE_USER', '68af2714-aca9-48e1-be76-dae9516f245b_person_4.jpg');
INSERT INTO public.person VALUES (69, 'asdf', '$2a$10$WoUQyUD1gGwZmb//Hj.DuOCMrEEYnY3toObNMNayAdaV0ygMgXVMW', 'asdf@test.com', 'ROLE_USER', '7dd122eb-a085-4dc3-9231-21b92bc65abd_person_4.jpg');
INSERT INTO public.person VALUES (70, 'zxcv', '$2a$10$c9MasUQcvRthR9y2Gf7hF.lGQKtM.swKlBTTFnSBof.0kIWhmed1u', 'zxcv@ukr.net', 'ROLE_USER', '75542df0-e36c-4467-abd7-eb2b49b7437c_person_3.jpg');
INSERT INTO public.person VALUES (71, 'serg', '$2a$10$AwPP0A5CqhBsdewON6wFhek6vL6jlOmYPKTBq2FWHIvad9Y.g854y', 'serg@test.com', 'ROLE_USER', 'e4dab849-3fe3-417a-9861-c16ca447d342_person_1.jpg');
INSERT INTO public.person VALUES (72, 'gans', '$2a$10$njaKxwsrNIzcLiIvsftEleEWqoXdtyMTb2LgjIby/Je/5z9W0unqG', 'gans@mail.de', 'ROLE_USER', NULL);
INSERT INTO public.person VALUES (73, 'balu', '$2a$10$.sxoIS6bGCnBgFfinv.XbOUQ8rVtuLdKzWHXCbmDqvImSUZMw4G0K', 'balu@gmail.com', 'ROLE_ADMIN', '');
INSERT INTO public.person VALUES (74, 'serg1', '$2a$10$pjm.2CeXFf/GQYoVQBdgQuvrNgJR/nyioM72.mAz4lqrEUSGZb0Gy', 'serg@ukr.net', 'ROLE_ADMIN', '3be53e71-aae1-4e06-af23-408d0913a81c_person_3.jpg');
INSERT INTO public.person VALUES (1, 'admin_old', '$2a$10$RJhtW/mKahncutRXPAzrCezJiLGqRI3FH2.kfvh3aqeYSQArraxB6', 'sergiibugaienko@gmail.com', 'ROLE_ADMIN', NULL);


--
-- TOC entry 4173 (class 0 OID 16491)
-- Dependencies: 225
-- Data for Name: person_pizza; Type: TABLE DATA; Schema: public; Owner: baluadmin
--

INSERT INTO public.person_pizza VALUES (3, 5);
INSERT INTO public.person_pizza VALUES (3, 4);
INSERT INTO public.person_pizza VALUES (3, 2);
INSERT INTO public.person_pizza VALUES (1, 3);
INSERT INTO public.person_pizza VALUES (1, 8);
INSERT INTO public.person_pizza VALUES (1, 6);


--
-- TOC entry 4166 (class 0 OID 16428)
-- Dependencies: 218
-- Data for Name: pizza; Type: TABLE DATA; Schema: public; Owner: baluadmin
--

INSERT INTO public.pizza VALUES (3, 'Margarita XL', 25, 'p_margarita.png', 3);
INSERT INTO public.pizza VALUES (5, 'Sea Gifts XL', 35, 'p_sea.jpg', 3);
INSERT INTO public.pizza VALUES (4, 'Hunting XL', 51, 'p_hunting.jpg', 3);
INSERT INTO public.pizza VALUES (1, 'Margarita S', 15, 'p_margarita.png', 1);
INSERT INTO public.pizza VALUES (6, 'Fantasy M', 40, 'p_fantasy.jpg', 2);
INSERT INTO public.pizza VALUES (2, 'Margarita M', 18, 'p_margarita.png', 2);
INSERT INTO public.pizza VALUES (8, 'Chicken S', 30, 'p_chicken.jpg', 1);
INSERT INTO public.pizza VALUES (10, 'Anotation XL', 60, 'p_6.jpg', 3);
INSERT INTO public.pizza VALUES (9, 'Chicken M', 39, 'p_chicken.jpg', 2);


--
-- TOC entry 4167 (class 0 OID 16445)
-- Dependencies: 219
-- Data for Name: pizza_ingredient; Type: TABLE DATA; Schema: public; Owner: baluadmin
--

INSERT INTO public.pizza_ingredient VALUES (1, 38);
INSERT INTO public.pizza_ingredient VALUES (1, 40);
INSERT INTO public.pizza_ingredient VALUES (1, 43);
INSERT INTO public.pizza_ingredient VALUES (3, 41);
INSERT INTO public.pizza_ingredient VALUES (3, 38);
INSERT INTO public.pizza_ingredient VALUES (3, 40);
INSERT INTO public.pizza_ingredient VALUES (3, 43);
INSERT INTO public.pizza_ingredient VALUES (6, 29);
INSERT INTO public.pizza_ingredient VALUES (6, 34);
INSERT INTO public.pizza_ingredient VALUES (6, 41);
INSERT INTO public.pizza_ingredient VALUES (6, 42);
INSERT INTO public.pizza_ingredient VALUES (6, 46);
INSERT INTO public.pizza_ingredient VALUES (6, 44);
INSERT INTO public.pizza_ingredient VALUES (6, 45);
INSERT INTO public.pizza_ingredient VALUES (6, 47);
INSERT INTO public.pizza_ingredient VALUES (6, 51);
INSERT INTO public.pizza_ingredient VALUES (2, 40);
INSERT INTO public.pizza_ingredient VALUES (2, 38);
INSERT INTO public.pizza_ingredient VALUES (2, 43);
INSERT INTO public.pizza_ingredient VALUES (5, 34);
INSERT INTO public.pizza_ingredient VALUES (5, 35);
INSERT INTO public.pizza_ingredient VALUES (5, 36);
INSERT INTO public.pizza_ingredient VALUES (5, 41);
INSERT INTO public.pizza_ingredient VALUES (5, 38);
INSERT INTO public.pizza_ingredient VALUES (5, 45);
INSERT INTO public.pizza_ingredient VALUES (5, 54);
INSERT INTO public.pizza_ingredient VALUES (5, 52);
INSERT INTO public.pizza_ingredient VALUES (4, 31);
INSERT INTO public.pizza_ingredient VALUES (4, 32);
INSERT INTO public.pizza_ingredient VALUES (4, 33);
INSERT INTO public.pizza_ingredient VALUES (4, 41);
INSERT INTO public.pizza_ingredient VALUES (4, 39);
INSERT INTO public.pizza_ingredient VALUES (4, 45);
INSERT INTO public.pizza_ingredient VALUES (4, 46);
INSERT INTO public.pizza_ingredient VALUES (4, 44);
INSERT INTO public.pizza_ingredient VALUES (4, 54);
INSERT INTO public.pizza_ingredient VALUES (4, 50);
INSERT INTO public.pizza_ingredient VALUES (8, 29);
INSERT INTO public.pizza_ingredient VALUES (8, 33);
INSERT INTO public.pizza_ingredient VALUES (8, 40);
INSERT INTO public.pizza_ingredient VALUES (8, 38);
INSERT INTO public.pizza_ingredient VALUES (8, 43);
INSERT INTO public.pizza_ingredient VALUES (8, 46);
INSERT INTO public.pizza_ingredient VALUES (8, 47);
INSERT INTO public.pizza_ingredient VALUES (8, 49);
INSERT INTO public.pizza_ingredient VALUES (10, 32);
INSERT INTO public.pizza_ingredient VALUES (10, 30);
INSERT INTO public.pizza_ingredient VALUES (10, 31);
INSERT INTO public.pizza_ingredient VALUES (10, 40);
INSERT INTO public.pizza_ingredient VALUES (10, 39);
INSERT INTO public.pizza_ingredient VALUES (10, 48);
INSERT INTO public.pizza_ingredient VALUES (10, 46);
INSERT INTO public.pizza_ingredient VALUES (10, 44);
INSERT INTO public.pizza_ingredient VALUES (10, 50);
INSERT INTO public.pizza_ingredient VALUES (9, 32);
INSERT INTO public.pizza_ingredient VALUES (9, 29);
INSERT INTO public.pizza_ingredient VALUES (9, 33);
INSERT INTO public.pizza_ingredient VALUES (9, 40);
INSERT INTO public.pizza_ingredient VALUES (9, 38);
INSERT INTO public.pizza_ingredient VALUES (9, 46);
INSERT INTO public.pizza_ingredient VALUES (9, 43);
INSERT INTO public.pizza_ingredient VALUES (9, 49);


--
-- TOC entry 4175 (class 0 OID 16518)
-- Dependencies: 227
-- Data for Name: stacks; Type: TABLE DATA; Schema: public; Owner: baluadmin
--

INSERT INTO public.stacks VALUES (1, 'Java', 'java.jpg', 2);
INSERT INTO public.stacks VALUES (2, 'Spring Boot', 'spring_boot.jpg', 3);
INSERT INTO public.stacks VALUES (3, 'Spring Security', 'spring_security.jpg', 4);
INSERT INTO public.stacks VALUES (4, 'JWT authorization', 'jwt.jpg', 5);
INSERT INTO public.stacks VALUES (5, 'Spring MVC', 'spring_mvc.jpg', 6);
INSERT INTO public.stacks VALUES (6, 'Liquibase', 'liquibase.jpg', 10);
INSERT INTO public.stacks VALUES (8, 'Spring Data JPA', 'spring_data_jpa.jpg', 12);
INSERT INTO public.stacks VALUES (9, 'Thymeleaf', 'thymeleaf.jpg', 13);
INSERT INTO public.stacks VALUES (10, 'HTML', 'html.jpg', 14);
INSERT INTO public.stacks VALUES (11, 'CSS', 'css.jpg', 15);
INSERT INTO public.stacks VALUES (12, 'REST API', 'rest.jpg', 20);
INSERT INTO public.stacks VALUES (13, 'Swagger', 'swagger.jpg', 21);
INSERT INTO public.stacks VALUES (14, 'JSON', 'json.jpg', 22);
INSERT INTO public.stacks VALUES (15, 'YAML', 'yaml.jpg', 23);
INSERT INTO public.stacks VALUES (16, 'Maven', 'maven.jpg', 30);
INSERT INTO public.stacks VALUES (17, 'GitHub', 'github.jpg', 31);
INSERT INTO public.stacks VALUES (18, 'Docker', 'docker.jpg', 32);
INSERT INTO public.stacks VALUES (19, 'Docker-compose', 'compose.png', 33);
INSERT INTO public.stacks VALUES (7, 'PostgreSQL', 'postgresql.png', 11);
INSERT INTO public.stacks VALUES (20, 'JUnit5', 'junit.jpg', 24);


--
-- TOC entry 4176 (class 0 OID 16524)
-- Dependencies: 228
-- Data for Name: t_roles; Type: TABLE DATA; Schema: public; Owner: baluadmin
--

INSERT INTO public.t_roles VALUES (1, 'ROLE_USER');
INSERT INTO public.t_roles VALUES (2, 'ROLE_MODERATOR');
INSERT INTO public.t_roles VALUES (3, 'ROLE_ADMIN');


--
-- TOC entry 4178 (class 0 OID 16528)
-- Dependencies: 230
-- Data for Name: t_users; Type: TABLE DATA; Schema: public; Owner: baluadmin
--

INSERT INTO public.t_users VALUES (1, 'user', '$2a$10$RrrRrat5EiSG3AmBoh1xxO0OUlaZdAfpxq6.m1bWk446upUMVK6Bu', 'user1@gmail.com');
INSERT INTO public.t_users VALUES (2, 'admin', '$2a$10$uAdDFWBH9VUTi37tjpFWOue9SdeMbYQFHE.Ixt5XifAfnjt.LpcPu', 'admin@gmail.com');
INSERT INTO public.t_users VALUES (3, 'mod', '$2a$10$JfM1ymLXxwNqx44YtrAlK.R0DakWkCMmYPQLZ8J7R2c96sRspmTqa', 'moderator@gmail.com');


--
-- TOC entry 4160 (class 0 OID 16397)
-- Dependencies: 212
-- Data for Name: type; Type: TABLE DATA; Schema: public; Owner: baluadmin
--

INSERT INTO public.type VALUES (2, 'Seafood');
INSERT INTO public.type VALUES (3, 'Cheese');
INSERT INTO public.type VALUES (4, 'Vegetables');
INSERT INTO public.type VALUES (6, 'Spices');
INSERT INTO public.type VALUES (1, 'Meat');
INSERT INTO public.type VALUES (5, 'Sauces');


--
-- TOC entry 4180 (class 0 OID 16534)
-- Dependencies: 232
-- Data for Name: user_roles; Type: TABLE DATA; Schema: public; Owner: baluadmin
--

INSERT INTO public.user_roles VALUES (1, 1);
INSERT INTO public.user_roles VALUES (3, 2);
INSERT INTO public.user_roles VALUES (2, 3);
INSERT INTO public.user_roles VALUES (1, 1);
INSERT INTO public.user_roles VALUES (3, 2);
INSERT INTO public.user_roles VALUES (2, 3);


--
-- TOC entry 4187 (class 0 OID 0)
-- Dependencies: 215
-- Name: base_id_seq; Type: SEQUENCE SET; Schema: public; Owner: baluadmin
--

SELECT pg_catalog.setval('public.base_id_seq', 9, true);


--
-- TOC entry 4188 (class 0 OID 0)
-- Dependencies: 220
-- Name: cafe_id_seq; Type: SEQUENCE SET; Schema: public; Owner: baluadmin
--

SELECT pg_catalog.setval('public.cafe_id_seq', 8, true);


--
-- TOC entry 4189 (class 0 OID 0)
-- Dependencies: 213
-- Name: ingredient_id_seq; Type: SEQUENCE SET; Schema: public; Owner: baluadmin
--

SELECT pg_catalog.setval('public.ingredient_id_seq', 55, true);


--
-- TOC entry 4190 (class 0 OID 0)
-- Dependencies: 223
-- Name: person_id_seq; Type: SEQUENCE SET; Schema: public; Owner: baluadmin
--

SELECT pg_catalog.setval('public.person_id_seq', 74, true);


--
-- TOC entry 4191 (class 0 OID 0)
-- Dependencies: 217
-- Name: pizza_id_seq; Type: SEQUENCE SET; Schema: public; Owner: baluadmin
--

SELECT pg_catalog.setval('public.pizza_id_seq', 10, true);


--
-- TOC entry 4192 (class 0 OID 0)
-- Dependencies: 226
-- Name: stacks_id_seq; Type: SEQUENCE SET; Schema: public; Owner: baluadmin
--

SELECT pg_catalog.setval('public.stacks_id_seq', 20, true);


--
-- TOC entry 4193 (class 0 OID 0)
-- Dependencies: 229
-- Name: t_roles_id_seq; Type: SEQUENCE SET; Schema: public; Owner: baluadmin
--

SELECT pg_catalog.setval('public.t_roles_id_seq', 3, true);


--
-- TOC entry 4194 (class 0 OID 0)
-- Dependencies: 231
-- Name: t_users_id_seq; Type: SEQUENCE SET; Schema: public; Owner: baluadmin
--

SELECT pg_catalog.setval('public.t_users_id_seq', 3, true);


--
-- TOC entry 4195 (class 0 OID 0)
-- Dependencies: 211
-- Name: type_id_seq; Type: SEQUENCE SET; Schema: public; Owner: baluadmin
--

SELECT pg_catalog.setval('public.type_id_seq', 9, true);


--
-- TOC entry 3971 (class 2606 OID 16426)
-- Name: base base_id; Type: CONSTRAINT; Schema: public; Owner: baluadmin
--

ALTER TABLE ONLY public.base
    ADD CONSTRAINT base_id PRIMARY KEY (id);


--
-- TOC entry 3977 (class 2606 OID 16465)
-- Name: cafe cafe_id; Type: CONSTRAINT; Schema: public; Owner: baluadmin
--

ALTER TABLE ONLY public.cafe
    ADD CONSTRAINT cafe_id PRIMARY KEY (id);


--
-- TOC entry 3979 (class 2606 OID 16538)
-- Name: cafe_pizza cafe_pizza_pkey; Type: CONSTRAINT; Schema: public; Owner: baluadmin
--

ALTER TABLE ONLY public.cafe_pizza
    ADD CONSTRAINT cafe_pizza_pkey PRIMARY KEY (cafe_id, pizza_id);


--
-- TOC entry 3961 (class 2606 OID 16390)
-- Name: databasechangeloglock databasechangeloglock_pkey; Type: CONSTRAINT; Schema: public; Owner: baluadmin
--

ALTER TABLE ONLY public.databasechangeloglock
    ADD CONSTRAINT databasechangeloglock_pkey PRIMARY KEY (id);


--
-- TOC entry 3967 (class 2606 OID 16411)
-- Name: ingredient ingredient_id; Type: CONSTRAINT; Schema: public; Owner: baluadmin
--

ALTER TABLE ONLY public.ingredient
    ADD CONSTRAINT ingredient_id PRIMARY KEY (id);


--
-- TOC entry 3969 (class 2606 OID 16413)
-- Name: ingredient ingredient_name_key; Type: CONSTRAINT; Schema: public; Owner: baluadmin
--

ALTER TABLE ONLY public.ingredient
    ADD CONSTRAINT ingredient_name_key UNIQUE (name);


--
-- TOC entry 3981 (class 2606 OID 16490)
-- Name: person person_email_key; Type: CONSTRAINT; Schema: public; Owner: baluadmin
--

ALTER TABLE ONLY public.person
    ADD CONSTRAINT person_email_key UNIQUE (email);


--
-- TOC entry 3983 (class 2606 OID 16486)
-- Name: person person_id; Type: CONSTRAINT; Schema: public; Owner: baluadmin
--

ALTER TABLE ONLY public.person
    ADD CONSTRAINT person_id PRIMARY KEY (id);


--
-- TOC entry 3987 (class 2606 OID 16540)
-- Name: person_pizza person_pizza_pkey; Type: CONSTRAINT; Schema: public; Owner: baluadmin
--

ALTER TABLE ONLY public.person_pizza
    ADD CONSTRAINT person_pizza_pkey PRIMARY KEY (person_id, pizza_id);


--
-- TOC entry 3985 (class 2606 OID 16488)
-- Name: person person_username_key; Type: CONSTRAINT; Schema: public; Owner: baluadmin
--

ALTER TABLE ONLY public.person
    ADD CONSTRAINT person_username_key UNIQUE (username);


--
-- TOC entry 3973 (class 2606 OID 16434)
-- Name: pizza pizza_id; Type: CONSTRAINT; Schema: public; Owner: baluadmin
--

ALTER TABLE ONLY public.pizza
    ADD CONSTRAINT pizza_id PRIMARY KEY (id);


--
-- TOC entry 3975 (class 2606 OID 16542)
-- Name: pizza_ingredient pizza_ingredient_pkey; Type: CONSTRAINT; Schema: public; Owner: baluadmin
--

ALTER TABLE ONLY public.pizza_ingredient
    ADD CONSTRAINT pizza_ingredient_pkey PRIMARY KEY (pizza_id, ingredient_id);


--
-- TOC entry 3991 (class 2606 OID 16544)
-- Name: t_roles role_id; Type: CONSTRAINT; Schema: public; Owner: baluadmin
--

ALTER TABLE ONLY public.t_roles
    ADD CONSTRAINT role_id PRIMARY KEY (id);


--
-- TOC entry 3989 (class 2606 OID 16522)
-- Name: stacks stack_id; Type: CONSTRAINT; Schema: public; Owner: baluadmin
--

ALTER TABLE ONLY public.stacks
    ADD CONSTRAINT stack_id PRIMARY KEY (id);


--
-- TOC entry 3993 (class 2606 OID 16546)
-- Name: t_roles t_roles_name_key; Type: CONSTRAINT; Schema: public; Owner: baluadmin
--

ALTER TABLE ONLY public.t_roles
    ADD CONSTRAINT t_roles_name_key UNIQUE (name);


--
-- TOC entry 3995 (class 2606 OID 16548)
-- Name: t_users t_users_email_key; Type: CONSTRAINT; Schema: public; Owner: baluadmin
--

ALTER TABLE ONLY public.t_users
    ADD CONSTRAINT t_users_email_key UNIQUE (email);


--
-- TOC entry 3997 (class 2606 OID 16550)
-- Name: t_users t_users_username_key; Type: CONSTRAINT; Schema: public; Owner: baluadmin
--

ALTER TABLE ONLY public.t_users
    ADD CONSTRAINT t_users_username_key UNIQUE (username);


--
-- TOC entry 3963 (class 2606 OID 16401)
-- Name: type type_id; Type: CONSTRAINT; Schema: public; Owner: baluadmin
--

ALTER TABLE ONLY public.type
    ADD CONSTRAINT type_id PRIMARY KEY (id);


--
-- TOC entry 3965 (class 2606 OID 16403)
-- Name: type type_name_key; Type: CONSTRAINT; Schema: public; Owner: baluadmin
--

ALTER TABLE ONLY public.type
    ADD CONSTRAINT type_name_key UNIQUE (name);


--
-- TOC entry 3999 (class 2606 OID 16552)
-- Name: t_users user_id; Type: CONSTRAINT; Schema: public; Owner: baluadmin
--

ALTER TABLE ONLY public.t_users
    ADD CONSTRAINT user_id PRIMARY KEY (id);


--
-- TOC entry 4010 (class 2606 OID 16553)
-- Name: cafe_pizza cafe_pizza_cafe_id_fkey; Type: FK CONSTRAINT; Schema: public; Owner: baluadmin
--

ALTER TABLE ONLY public.cafe_pizza
    ADD CONSTRAINT cafe_pizza_cafe_id_fkey FOREIGN KEY (cafe_id) REFERENCES public.cafe(id);


--
-- TOC entry 4011 (class 2606 OID 16558)
-- Name: cafe_pizza cafe_pizza_pizza_id_fkey; Type: FK CONSTRAINT; Schema: public; Owner: baluadmin
--

ALTER TABLE ONLY public.cafe_pizza
    ADD CONSTRAINT cafe_pizza_pizza_id_fkey FOREIGN KEY (pizza_id) REFERENCES public.pizza(id);


--
-- TOC entry 4008 (class 2606 OID 16469)
-- Name: cafe_pizza fk_cafe_pizza; Type: FK CONSTRAINT; Schema: public; Owner: baluadmin
--

ALTER TABLE ONLY public.cafe_pizza
    ADD CONSTRAINT fk_cafe_pizza FOREIGN KEY (cafe_id) REFERENCES public.cafe(id) ON DELETE SET NULL;


--
-- TOC entry 4005 (class 2606 OID 16453)
-- Name: pizza_ingredient fk_ingredient; Type: FK CONSTRAINT; Schema: public; Owner: baluadmin
--

ALTER TABLE ONLY public.pizza_ingredient
    ADD CONSTRAINT fk_ingredient FOREIGN KEY (ingredient_id) REFERENCES public.ingredient(id) ON DELETE SET NULL;


--
-- TOC entry 4012 (class 2606 OID 16494)
-- Name: person_pizza fk_person_pizza; Type: FK CONSTRAINT; Schema: public; Owner: baluadmin
--

ALTER TABLE ONLY public.person_pizza
    ADD CONSTRAINT fk_person_pizza FOREIGN KEY (person_id) REFERENCES public.person(id) ON DELETE SET NULL;


--
-- TOC entry 4004 (class 2606 OID 16448)
-- Name: pizza_ingredient fk_pizza; Type: FK CONSTRAINT; Schema: public; Owner: baluadmin
--

ALTER TABLE ONLY public.pizza_ingredient
    ADD CONSTRAINT fk_pizza FOREIGN KEY (pizza_id) REFERENCES public.pizza(id) ON DELETE SET NULL;


--
-- TOC entry 4009 (class 2606 OID 16474)
-- Name: cafe_pizza fk_pizza_cafe; Type: FK CONSTRAINT; Schema: public; Owner: baluadmin
--

ALTER TABLE ONLY public.cafe_pizza
    ADD CONSTRAINT fk_pizza_cafe FOREIGN KEY (pizza_id) REFERENCES public.pizza(id) ON DELETE SET NULL;


--
-- TOC entry 4013 (class 2606 OID 16499)
-- Name: person_pizza fk_pizza_person; Type: FK CONSTRAINT; Schema: public; Owner: baluadmin
--

ALTER TABLE ONLY public.person_pizza
    ADD CONSTRAINT fk_pizza_person FOREIGN KEY (pizza_id) REFERENCES public.pizza(id) ON DELETE SET NULL;


--
-- TOC entry 4016 (class 2606 OID 16563)
-- Name: user_roles fk_roles_user; Type: FK CONSTRAINT; Schema: public; Owner: baluadmin
--

ALTER TABLE ONLY public.user_roles
    ADD CONSTRAINT fk_roles_user FOREIGN KEY (role_id) REFERENCES public.t_roles(id) ON DELETE SET NULL;


--
-- TOC entry 4017 (class 2606 OID 16568)
-- Name: user_roles fk_user_roles; Type: FK CONSTRAINT; Schema: public; Owner: baluadmin
--

ALTER TABLE ONLY public.user_roles
    ADD CONSTRAINT fk_user_roles FOREIGN KEY (user_id) REFERENCES public.t_users(id) ON DELETE SET NULL;


--
-- TOC entry 4001 (class 2606 OID 16573)
-- Name: ingredient ingredient_type_id_fkey; Type: FK CONSTRAINT; Schema: public; Owner: baluadmin
--

ALTER TABLE ONLY public.ingredient
    ADD CONSTRAINT ingredient_type_id_fkey FOREIGN KEY (type_id) REFERENCES public.type(id) ON DELETE SET NULL;


--
-- TOC entry 4000 (class 2606 OID 16440)
-- Name: ingredient ingredient_type_id_type_id; Type: FK CONSTRAINT; Schema: public; Owner: baluadmin
--

ALTER TABLE ONLY public.ingredient
    ADD CONSTRAINT ingredient_type_id_type_id FOREIGN KEY (type_id) REFERENCES public.type(id);


--
-- TOC entry 4014 (class 2606 OID 16578)
-- Name: person_pizza person_pizza_person_id_fkey; Type: FK CONSTRAINT; Schema: public; Owner: baluadmin
--

ALTER TABLE ONLY public.person_pizza
    ADD CONSTRAINT person_pizza_person_id_fkey FOREIGN KEY (person_id) REFERENCES public.person(id);


--
-- TOC entry 4015 (class 2606 OID 16583)
-- Name: person_pizza person_pizza_pizza_id_fkey; Type: FK CONSTRAINT; Schema: public; Owner: baluadmin
--

ALTER TABLE ONLY public.person_pizza
    ADD CONSTRAINT person_pizza_pizza_id_fkey FOREIGN KEY (pizza_id) REFERENCES public.pizza(id);


--
-- TOC entry 4002 (class 2606 OID 16435)
-- Name: pizza pizza_base_id_base_id; Type: FK CONSTRAINT; Schema: public; Owner: baluadmin
--

ALTER TABLE ONLY public.pizza
    ADD CONSTRAINT pizza_base_id_base_id FOREIGN KEY (base_id) REFERENCES public.base(id) ON DELETE CASCADE;


--
-- TOC entry 4003 (class 2606 OID 16588)
-- Name: pizza pizza_base_id_fkey; Type: FK CONSTRAINT; Schema: public; Owner: baluadmin
--

ALTER TABLE ONLY public.pizza
    ADD CONSTRAINT pizza_base_id_fkey FOREIGN KEY (base_id) REFERENCES public.base(id) ON DELETE CASCADE;


--
-- TOC entry 4006 (class 2606 OID 16593)
-- Name: pizza_ingredient pizza_ingredient_ingredient_id_fkey; Type: FK CONSTRAINT; Schema: public; Owner: baluadmin
--

ALTER TABLE ONLY public.pizza_ingredient
    ADD CONSTRAINT pizza_ingredient_ingredient_id_fkey FOREIGN KEY (ingredient_id) REFERENCES public.ingredient(id);


--
-- TOC entry 4007 (class 2606 OID 16598)
-- Name: pizza_ingredient pizza_ingredient_pizza_id_fkey; Type: FK CONSTRAINT; Schema: public; Owner: baluadmin
--

ALTER TABLE ONLY public.pizza_ingredient
    ADD CONSTRAINT pizza_ingredient_pizza_id_fkey FOREIGN KEY (pizza_id) REFERENCES public.pizza(id);


-- Completed on 2023-06-22 20:08:13

--
-- PostgreSQL database dump complete
--

